<?xml version="1.0" encoding="utf-8" ?><dwsync><file name="cb.html" server="ithfws22//home/itwsa005/tomcat/webapps/ue/1985/website/" local="3397275844" remote="11987583212" /><file name="jg.html" server="ithfws22//home/itwsa005/tomcat/webapps/ue/1985/website/" local="3397276034" remote="11987583212" /><file name="jl.html" server="ithfws22//home/itwsa005/tomcat/webapps/ue/1985/website/" local="3397199378" remote="11987583212" /><file name="kt.html" server="ithfws22//home/itwsa005/tomcat/webapps/ue/1985/website/" local="3397199386" remote="11987583212" /><file name="mw.html" server="ithfws22//home/itwsa005/tomcat/webapps/ue/1985/website/" local="3397199394" remote="11987583212" /><file name="ps.html" server="ithfws22//home/itwsa005/tomcat/webapps/ue/1985/website/" local="3397199416" remote="11987583212" /><file name="ts.html" server="ithfws22//home/itwsa005/tomcat/webapps/ue/1985/website/" local="3397199424" remote="11987583212" /><file name="cb.html" server="ithfws22//home/itwsa005/tomcat/webapps/ue/UE0016/website/" local="3398045476" remote="11987988452" /><file name="jg.html" server="ithfws22//home/itwsa005/tomcat/webapps/ue/UE0016/website/" local="3398045840" remote="11987988452" /><file name="jl.html" server="ithfws22//home/itwsa005/tomcat/webapps/ue/UE0016/website/" local="3398045832" remote="11987988452" /><file name="kt.html" server="ithfws22//home/itwsa005/tomcat/webapps/ue/UE0016/website/" local="3398045826" remote="11987988452" /><file name="mw.html" server="ithfws22//home/itwsa005/tomcat/webapps/ue/UE0016/website/" local="3397195794" remote="11987988452" /><file name="ps.html" server="ithfws22//home/itwsa005/tomcat/webapps/ue/UE0016/website/" local="3398045818" remote="11987988452" /><file name="ts.html" server="ithfws22//home/itwsa005/tomcat/webapps/ue/UE0016/website/" local="3398045850" remote="11987988452" /><file name="cb.html" server="ftp.s70502.gridserver.com/domains/webspecialist.it/html/clients/ocado/" local="3397275844" remote="11987904992" /><file name="jg.html" server="ftp.s70502.gridserver.com/domains/webspecialist.it/html/clients/ocado/" local="3397655306" remote="11987904992" /><file name="jl.html" server="ftp.s70502.gridserver.com/domains/webspecialist.it/html/clients/ocado/" local="3397655321" remote="11987904992" /><file name="kt.html" server="ftp.s70502.gridserver.com/domains/webspecialist.it/html/clients/ocado/" local="3397199386" remote="11987904992" /><file name="mw.html" server="ftp.s70502.gridserver.com/domains/webspecialist.it/html/clients/ocado/" local="3397199394" remote="11987904992" /><file name="ps.html" server="ftp.s70502.gridserver.com/domains/webspecialist.it/html/clients/ocado/" local="3397824013" remote="11987904992" /><file name="ts.html" server="ftp.s70502.gridserver.com/domains/webspecialist.it/html/clients/ocado/" local="3397199424" remote="11987904992" /></dwsync>